,business_status,formatted_address,icon,name,photos,place_id,rating,reference,types,user_ratings_total,geometry.location.lat,geometry.location.lng,geometry.viewport.northeast.lat,geometry.viewport.northeast.lng,geometry.viewport.southwest.lat,geometry.viewport.southwest.lng,opening_hours.open_now,plus_code.compound_code,plus_code.global_code,permanently_closed,price_level,dnb
41,OPERATIONAL,"5056 Malden Rd, Windsor, ON N9E 3T9, Canada",https://maps.gstatic.com/mapfiles/place_api/icons/v1/png_71/shopping-71.png,BLUE STAR NURSERY LTD.,"[{'height': 3024, 'html_attributions': ['<a href=""https://maps.google.com/maps/contrib/105930198607344388396"">Rob Macdonald</a>'], 'photo_reference': 'ATtYBwLFSWJtUdpoP46CWF0KNyxJGZJPrbysbtuYg58zxnVtHaP225mEDCsPshsPk9uli0exAZuucXJC8Qf1tZoxmCURAM5h1oFbTKJRiXVfSwLV52io8GWew_L4v-j2OKXAFCUBVJPkxmqbA5_MjWc8mXHQ992cogRDOdMqcNrnVNEikaPs', 'width': 4032}]",ChIJJf5xLuAtO4gRi9szQpEuZVI,4.4,ChIJJf5xLuAtO4gRi9szQpEuZVI,"['point_of_interest', 'store', 'establishment']",62,42.263593,-83.060309,42.26493668,-83.05874417,42.26223702,-83.06144383,FALSE,"7W7Q+CV Windsor, Ontario",86JR7W7Q+CV,,,https://www.dnb.com/business-directory/company-profiles.blue_star_nursery_ltd.a15a4fb5d68bcb42ca327ffcd1d500f8.html
24,OPERATIONAL,"7940 Collison Side Rd, Harrow, ON N0R 1G0, Canada",https://maps.gstatic.com/mapfiles/place_api/icons/v1/png_71/generic_business-71.png,Bouchard Gardens,"[{'height': 375, 'html_attributions': ['<a href=""https://maps.google.com/maps/contrib/107869699611455986560"">Bouchard Gardens</a>'], 'photo_reference': 'ATtYBwKtB0ctGcRJyFcAJm7sZAv0lp8ArGLwDHOJ1PE87UXNKVg0w7250PV6UQMO7sIuTyfVXWONs8ILGlEEsAcfpcbCX7IoAXkqYzzVa8lPTZW0ynr-UPM2k3m2DaAI9ntM0p1L64uQJQbEpTTwl18hQNYsufDIuCps4q2SDEbAn3RD_A1Z', 'width': 500}]",ChIJp8HJ9BciO4gR_B_swPqNCjU,5,ChIJp8HJ9BciO4gR_B_swPqNCjU,"['food', 'point_of_interest', 'establishment']",4,42.0416703,-83.0016013,42.04303788,-83.00025057,42.04033822,-83.00295023,FALSE,"2XRX+M9 Amherstburg, Ontario",86JR2XRX+M9,,,https://www.dnb.com/business-directory/company-profiles.bouchard_gardens.8085d56c5027cb8d834341c8eeeda779.html
54,OPERATIONAL,"203 Mersea Road 3, Leamington, ON N8H 3V5, Canada",https://maps.gstatic.com/mapfiles/place_api/icons/v1/png_71/generic_business-71.png,Brunato Farms,"[{'height': 1920, 'html_attributions': ['<a href=""https://maps.google.com/maps/contrib/106691906911825429677"">Jose Ortiz Penagos</a>'], 'photo_reference': 'ATtYBwKofUKu4iIXByKGBlUadZIeNunBC_YDniIvHLvFTcOhxNvqTsY5zHavF7bvF_cw9tZi7Q9J4hoJnI6x56tZZXCzhoBEz_EH83r9H-95NWdTYLod-kxYDfbehTzgFy5LWuWKkZ-DP0hlF-EHnNJKJcKwFNopYd1TiTJ4-1ZdnmjnXcc4', 'width': 2560}]",ChIJH6PvhGDAOogRg63ZjfLda5o,4.5,ChIJH6PvhGDAOogRg63ZjfLda5o,"['food', 'point_of_interest', 'establishment']",2,42.0631138,-82.6349865,42.06447973,-82.63406012,42.06178007,-82.63675978,FALSE,"3978+62 Leamington, Ontario",86JV3978+62,,,
55,OPERATIONAL,"LaSalle, ON N9H 1T3, Canada",https://maps.gstatic.com/mapfiles/place_api/icons/v1/png_71/shopping-71.png,Cecelia Acres,"[{'height': 3024, 'html_attributions': ['<a href=""https://maps.google.com/maps/contrib/100392902242663335083"">Brandon Calleja</a>'], 'photo_reference': 'ATtYBwJHOZzLarWleD8ij8jlDlYE_40dEEbrrOEwDhcMOZ0AyxoeQ5RMKRIWEjO6ump7zVYglJdVbiPD8AUwRJiIjQqxFrClVSlgfVhByRyAEpt5tjP87aYfL6TdDVmedjW_V4lJK095qAmZqhLURhLIB27-3yfJTDGwGniLg1w8QtbeUHgL', 'width': 4032}]",ChIJ8-9Sh38vO4gRHYmYf-P3jxI,4.6,ChIJ8-9Sh38vO4gRHYmYf-P3jxI,"['point_of_interest', 'store', 'establishment']",45,42.2363113,-83.0612151,42.23766578,-83.05999537,42.23496612,-83.06269503,TRUE,"6WPQ+GG LaSalle, Ontario",86JR6WPQ+GG,,,
38,OPERATIONAL,"885 Arner Townline, Kingsville, ON N9Y 2E6, Canada",https://maps.gstatic.com/mapfiles/place_api/icons/v1/png_71/generic_business-71.png,Cedar Beach Acres Ltd,,ChIJvxAWr3_hOogRVUdjGt3w3Nc,0,ChIJvxAWr3_hOogRVUdjGt3w3Nc,"['food', 'point_of_interest', 'establishment']",0,42.0015818,-82.8258407,42.00292958,-82.82444032,42.00022992,-82.82713998,,"252F+JM Kingsville, Ontario",86JV252F+JM,,,
26,OPERATIONAL,"885 Essex County Rd 20, Kingsville, ON N9Y 2E6, Canada",https://maps.gstatic.com/mapfiles/place_api/icons/v1/png_71/generic_business-71.png,Cedarline Greenhouses,,ChIJWVfcPQvdOogR48tNMALskRs,5,ChIJWVfcPQvdOogR48tNMALskRs,"['food', 'point_of_interest', 'establishment']",1,42.0379832,-82.6996577,42.03920283,-82.69833037,42.03650317,-82.70103003,FALSE,"28Q2+54 Kingsville, Ontario",86JV28Q2+54,,,https://www.dnb.com/business-directory/company-profiles.1573903_ontario_ltd.273fb57b7e072390cb0a50d0e19378e3.html
7,OPERATIONAL,"11080 Base Line, Dresden, ON N0P 1M0, Canada",https://maps.gstatic.com/mapfiles/place_api/icons/v1/png_71/generic_business-71.png,Chappus Farm,"[{'height': 1861, 'html_attributions': ['<a href=""https://maps.google.com/maps/contrib/109063340959228997778"">Robin Zhou</a>'], 'photo_reference': 'ATtYBwIrFOsOhbJsIN6sj07ut9GhcpfoWETS5vC_XfRH15D-3cIjU_44MzdZ1yi66zTAU7V195JVydin9fNt3RvuStGm-p8HzyQkbcjEJzLHJSLso0w_w04I4eWqjXPVVRqCunE77i-nfUZp7rF8QcWJ_AJfH-nxEeHfbG7FSuRL7QHV_sQm', 'width': 4005}]",ChIJGVyuTJn0L4gR19ECUrLkHzQ,3.5,ChIJGVyuTJn0L4gR19ECUrLkHzQ,"['food', 'point_of_interest', 'establishment']",4,42.570326,-82.1334346,42.57320525,-82.13215562,42.56936625,-82.13485528,,"HVC8+4J Dresden, Ontario",86JVHVC8+4J,,,
43,OPERATIONAL,"2221 Front Rd, Windsor, ON N9J 2C3, Canada",https://maps.gstatic.com/mapfiles/place_api/icons/v1/png_71/generic_business-71.png,Chatham-Kent Greenhouse,"[{'height': 2592, 'html_attributions': ['<a href=""https://maps.google.com/maps/contrib/106356130746829948007"">Bilal Akil</a>'], 'photo_reference': 'ATtYBwLmfME3eTWLfFTDo2YL0fDhGxyraCSqZfTSdG2Qv2SsUPtZ5gMKg96BSQiBBBQNcUBM2yCADZTbBs5SKctQwNZNTBXRI9RJLEWZSdBrMLDKuPbm8hxzwGvGYUNmCYu_oCcPvXDhJoRV7gI-iD_v549_sHA_KP9Zha_KvtmIoRdUziqv', 'width': 1944}]",ChIJC6PwP7UxO4gRAWj3N8fYq9U,4.6,ChIJC6PwP7UxO4gRAWj3N8fYq9U,"['point_of_interest', 'establishment']",16,42.2263655,-83.1007042,42.22768153,-83.09992522,42.22498187,-83.10262488,TRUE,"6VGX+GP Windsor, Ontario",86JR6VGX+GP,,,
2,OPERATIONAL,"300 Grand Ave E, Chatham, ON N7L 4K1, Canada",https://maps.gstatic.com/mapfiles/place_api/icons/v1/png_71/civic_building-71.png,Chatham-Kent Home Hardware Building Centre,,ChIJ_4ktsUv4L4gRzqCA-bML730,0,ChIJ_4ktsUv4L4gRzqCA-bML730,"['local_government_office', 'point_of_interest', 'establishment']",0,42.4139684,-82.1821498,42.41530513,-82.18078347,42.41260547,-82.18348313,,"CR79+H4 Vosburg, Ontario",86JVCR79+H4,,,https://www.dnb.com/business-directory/company-profiles.arens_mike_building_materials_ltd.c41742b74ec577d9cfb790b722ca94a0.html
16,OPERATIONAL,"124 Keil Dr S, Chatham, ON N7M 3H1, Canada",https://maps.gstatic.com/mapfiles/place_api/icons/v1/png_71/shopping-71.png,Crowell's Greenhouses,"[{'height': 4032, 'html_attributions': ['<a href=""https://maps.google.com/maps/contrib/109457842396441545771"">Lindsay Howatt</a>'], 'photo_reference': 'ATtYBwIZCXvM4FKPjOEWmqi3_K_h8fR-6kt6LKL2MTWsb07zbZ3kymmuJpqIYlCAXdEwGfRNZ4Bxh8_fHSNhxHGc-kEVJm6HvgTogmgLyUDPyttc9O_peXhVR_qLjBGs7BPn9v8bris-7OD99MA2K5rDFBbWyREstFy470EpcPaboZFgSIj9', 'width': 3024}]",ChIJ0QZkRJr4L4gR1XRhz3X2EQ4,4.2,ChIJ0QZkRJr4L4gR1XRhz3X2EQ4,"['home_goods_store', 'point_of_interest', 'store', 'establishment']",180,42.3903207,-82.2063369,42.39185213,-82.20471492,42.38915247,-82.20741458,TRUE,"9QRV+4F Oriole Parkway, Chatham-Kent, ON",86JV9QRV+4F,,,https://www.dnb.com/business-directory/company-profiles.crowells_greenhouses.82430bca2db9b6f86e8fb3ba3874a15d.html
10,OPERATIONAL,"15343 Longwoods Rd, Bothwell, ON N0P 1C0, Canada",https://maps.gstatic.com/mapfiles/place_api/icons/v1/png_71/generic_business-71.png,Dan Cacciavillani Greenhouse Plants,,ChIJR3wGQ36VL4gRJ0jHHV4zP_A,4.8,ChIJR3wGQ36VL4gRJ0jHHV4zP_A,"['food', 'point_of_interest', 'store', 'establishment']",5,42.6107992,-81.8687658,42.61202223,-81.86736992,42.60932257,-81.87006958,,"J46J+8F Bothwell, Ontario",86JWJ46J+8F,,,https://www.dnb.com/business-directory/company-profiles.cacciavillani_dan_greenhouse_plants.c7a8cef4cda931223c9a9ea995b20c75.html
33,OPERATIONAL,"332 Talbot Rd E, Leamington, ON N8H 3V6, Canada",https://maps.gstatic.com/mapfiles/place_api/icons/v1/png_71/generic_business-71.png,De Goey Nursery,,ChIJe6IchKfAOogRF8KySBUkp5U,5,ChIJe6IchKfAOogRF8KySBUkp5U,"['food', 'point_of_interest', 'establishment']",2,42.0622452,-82.562222,42.06357708,-82.56086437,42.06087742,-82.56356403,,,,,,https://www.dnb.com/business-directory/company-profiles.de_goeys_nursery__flowers.95568c467374625ec52114d596c1e040.html
9,OPERATIONAL,"665 St Clair St, Chatham, ON N7L 4G8, Canada",https://maps.gstatic.com/mapfiles/place_api/icons/v1/png_71/shopping-71.png,Double D Greenhouse Farms,"[{'height': 1080, 'html_attributions': ['<a href=""https://maps.google.com/maps/contrib/106393916411600459563"">Kyle Mills</a>'], 'photo_reference': 'ATtYBwKPy2VJDyiFP7H3C2cUwQHU-z8kTJ3AXWX3LAdtVLWYVZqY87M_M2w2COPSSl8SDLopY429U39LKLPC_QAktAhua5Ctcm2gv_XphDaOeifpwWczlL1IpwP06a5_YwfwVjGNT_eqL8tWPBFpgEFDC_JdRzUI-0cchH3wnIusvRR9NyrZ', 'width': 1920}]",ChIJ5bKYZAr4L4gR2Z430XNpRbI,4.6,ChIJ5bKYZAr4L4gR2Z430XNpRbI,"['point_of_interest', 'store', 'establishment']",87,42.4266219,-82.2132313,42.42777553,-82.21217392,42.42507587,-82.21487358,TRUE,"CQGP+JP Darrell, Ontario",86JVCQGP+JP,,,
35,OPERATIONAL,"607 Mersea Rd 8, Staples, ON N0P 2J0, Canada",https://maps.gstatic.com/mapfiles/place_api/icons/v1/png_71/generic_business-71.png,Double Diamond Farms,,ChIJdZrxnwfHOogRjLoOcgpLGRg,0,ChIJdZrxnwfHOogRjLoOcgpLGRg,"['food', 'point_of_interest', 'establishment']",0,42.1238651,-82.6004867,42.12457173,-82.59917482,42.12187207,-82.60187448,,"49FX+GR Staples, Ontario",86JV49FX+GR,,,https://www.dnb.com/business-directory/company-profiles.1068409_ontario_limited.71cda3d6616c5d4a44f0873a277be414.html
21,OPERATIONAL,"2237 County Rd 31, Kingsville, ON N9Y 2E5, Canada",https://maps.gstatic.com/mapfiles/place_api/icons/v1/png_71/generic_business-71.png,Essex Topcrop Sales Limited - Essex Manufacturing Plant,"[{'height': 1360, 'html_attributions': ['<a href=""https://maps.google.com/maps/contrib/103307475219573693907"">A Google User</a>'], 'photo_reference': 'ATtYBwLPivw_zmaf-AAWQN_WgqXdggSU59SPW_dX1QVmHhtVlKLS7-2Eg6YII3d33r3T2hV_5Kr4N3uLYYzcHQRCmCADGf4zggN_KmKmcfYvVm9-5Ays2VdxmB-h0FcteUxSaz23SydNJrJ2dcRwaMsvqIdm15bB9qXGAkFFUgcH98aLeEur', 'width': 2048}]",ChIJmWgaAwHDOogR5iuBXV3KxHE,4.3,ChIJmWgaAwHDOogR5iuBXV3KxHE,"['food', 'point_of_interest', 'establishment']",27,42.0653252,-82.6485468,42.0682991,-82.64704637,42.0643339,-82.64974603,FALSE,"3982+4H Kingsville, Ontario",86JV3982+4H,,,https://www.dnb.com/business-directory/company-profiles.essex_topcrop_sales_limited.3db43af0106ab00d8a7569637f700e20.html
57,OPERATIONAL,"473 Talbot St N, Essex, ON N8M 2X5, Canada",https://maps.gstatic.com/mapfiles/place_api/icons/v1/png_71/generic_business-71.png,FlowerBed Greenhouses,"[{'height': 3120, 'html_attributions': ['<a href=""https://maps.google.com/maps/contrib/102837785461180330571"">Craig Brummell</a>'], 'photo_reference': 'ATtYBwIw5q108RiUBMg_5IN4BlWyhnR-3pu4nnCIfeCkUefLCqLqvolT5y4RMhl7d_Z0ayxCqfusLLI0NSPmS32Gys6B4NRWntM-_3pwXdvxnQnHkJb7O-mNUwHiuBKy7rdLYfRW5-IAQ6i8CVMPRVQDvtEr8aKPK5-aJ-iokbafNbBf6-KP', 'width': 4160}]",ChIJK1Ekvq3QOogRJH-uTZ6ntsQ,0,ChIJK1Ekvq3QOogRJH-uTZ6ntsQ,"['point_of_interest', 'establishment']",0,42.186316,-82.8347897,42.18735448,-82.83376567,42.18465482,-82.83646533,FALSE,"55P8+G3 Essex, Ontario",86JV55P8+G3,,,https://www.dnb.com/business-directory/company-profiles.flowerbed_greenhouses.d55a3233199373b4579d2c21541eb283.html
6,OPERATIONAL,"9110 Talbot Trail, Blenheim, ON N0P 1A0, Canada",https://maps.gstatic.com/mapfiles/place_api/icons/v1/png_71/shopping-71.png,Flowerbed Greenhouses Ltd.,,ChIJFXvbhBzjL4gRG0T4PtSKPdw,4.3,ChIJFXvbhBzjL4gRG0T4PtSKPdw,"['point_of_interest', 'store', 'establishment']",38,42.3165669,-82.0096508,42.31795868,-82.00846532,42.31525902,-82.01116498,,"8X8R+J4 Cedar Springs, Ontario",86JV8X8R+J4,,,https://www.dnb.com/business-directory/company-profiles.flowerbed_greenhouses_ltd.bfad02492c7d76300af3602338a42479.html
0,OPERATIONAL,"22653 Kent Bridge Rd, Kent Bridge, ON N0P 1V0, Canada",https://maps.gstatic.com/mapfiles/place_api/icons/v1/png_71/shopping-71.png,Glasshouse Nursery & Garden Centre,"[{'height': 1697, 'html_attributions': ['<a href=""https://maps.google.com/maps/contrib/102120385142752555614"">A Google User</a>'], 'photo_reference': 'ATtYBwLWHsrbp8YzNnR2ENSjBA_BWVh8KFEUweWBCk5-TLMGxUJLZaw4WpjY0VvfdevwEUstM1adK3T3-jn5jOtiyR7RC4sT4e7kO-8cHZRkWK1u435IVsnFwyteQ-R3IeRg3PWWyxn6Bw3AbZmcFm1F1zffmw_voELFCy7Q0f4h1PdbAQNw', 'width': 2340}]",ChIJmZc7eUruL4gRENTn1PYUOGQ,4.2,ChIJmZc7eUruL4gRENTn1PYUOGQ,"['point_of_interest', 'store', 'establishment']",22,42.4825513,-82.030881,42.48365583,-82.02988987,42.48095617,-82.03258953,TRUE,"FXM9+2J Kent Bridge, Ontario",86JVFXM9+2J,,,
3,OPERATIONAL,"56 Creek Rd, Chatham-Kent, ON N7M 0L2, Canada",https://maps.gstatic.com/mapfiles/place_api/icons/v1/png_71/shopping-71.png,Great Lakes Greenhouses Inc,"[{'height': 3024, 'html_attributions': ['<a href=""https://maps.google.com/maps/contrib/111847554685829193501"">shayne mclean</a>'], 'photo_reference': 'ATtYBwLjiDda8ulwde9X7hQ-pQJuv9BKfrGguWD1Xiqz_1JYkJbSPN3xVNTcqE-I7fFLtkKAF5QFabo_s3JTPamRVh9PNJR5ALu5C58v3-i0GPj2Os6M86311NtjmSlRnvDFbq_3NtvCJKHG-ASaFBZVY3vEuakLwR_u8WW8ixs4iZnj_1XS', 'width': 4032}]",ChIJk5HvZqD5L4gR9Nsqlg6yMy8,4.4,ChIJk5HvZqD5L4gR9Nsqlg6yMy8,"['general_contractor', 'point_of_interest', 'clothing_store', 'store', 'establishment']",122,42.4059892,-82.1579757,42.40729853,-82.15668547,42.40459887,-82.15938513,TRUE,"CR4R+9R Wilsonwood, Chatham-Kent, ON",86JVCR4R+9R,,,https://www.dnb.com/business-directory/company-profiles.great_lakes_greenhouses_inc.a399147db6336f8688f016c030becf80.html
17,OPERATIONAL,"834 Mersea Road 4, Leamington, ON N8H 3V6, Canada",https://maps.gstatic.com/mapfiles/place_api/icons/v1/png_71/generic_business-71.png,Greenhill Produce,"[{'height': 4096, 'html_attributions': ['<a href=""https://maps.google.com/maps/contrib/103783652195299304437"">A Google User</a>'], 'photo_reference': 'ATtYBwLxbdAoFAVp5rqVU0OR3Jxm2Bgu6o0o1xTmLb7KgPNMnNlGxn3rNx9I77UldtP5t1pmEOGfPpBC75_FkPdjvbEYUCWi--mK8B8NH9CrP6OY0Dv9RQHWioE_t8ymiotmOAxmxk_TukwWZ-wZu2DcxNqbkMRx0G2kmcC31mcmNbEBT3qv', 'width': 3072}]",ChIJ_____6-5OogRDzoMvkJP2Ek,4.2,ChIJ_____6-5OogRDzoMvkJP2Ek,"['food', 'point_of_interest', 'establishment']",37,42.0739967,-82.5876832,42.07542668,-82.58636882,42.07272702,-82.58906848,FALSE,"3CF6+HW Leamington, Ontario",86JV3CF6+HW,,,https://www.dnb.com/business-directory/company-profiles.greenhill_produce_(thamesville)_ltd.78d283d260e016e532189a0e78e0d512.html
5,OPERATIONAL,"23282 Kent Bridge Rd, Kent Bridge, ON N0P 1V0, Canada",https://maps.gstatic.com/mapfiles/place_api/icons/v1/png_71/generic_business-71.png,Greenhill Produce Phase 1,"[{'height': 5312, 'html_attributions': ['<a href=""https://maps.google.com/maps/contrib/116284030880940535250"">David Enns</a>'], 'photo_reference': 'ATtYBwJM4OjfzsjpYNe7y3VFDbU63GrPkWOUQQAeGBgjCEpvE4Bt17f2oDgM_DJ27fjNNQcAHvrnzHcoiFJHwJ5EM4XRu8Sl6bGn2HJUjzBspICcWOPX1WlgWL5PBqfVg1UYYP0hzQ1kxOpfuc3PeVIx8b3ad_T3oM524sznANHP52lXKfCT', 'width': 2988}]",ChIJWZIPJ_LxL4gRfE_Idq_58r4,4.7,ChIJWZIPJ_LxL4gRfE_Idq_58r4,"['food', 'point_of_interest', 'establishment']",17,42.5005927,-82.0553281,42.50203098,-82.05384827,42.49933132,-82.05654793,TRUE,"GW2V+6V Kent Bridge, Ontario",86JVGW2V+6V,,,https://www.dnb.com/business-directory/company-profiles.greenhill_produce.3b8bcb90774cdac4951786f3e0dd6f1c.html
15,OPERATIONAL,"23532 Huffs Side Rd, Thamesville, ON N0P 2K0, Canada",https://maps.gstatic.com/mapfiles/place_api/icons/v1/png_71/generic_business-71.png,Greenhouse Grower Classifieds,,ChIJu7iyVontL4gRUwSNxKBLB-E,4.8,ChIJu7iyVontL4gRUwSNxKBLB-E,"['food', 'point_of_interest', 'establishment']",6,42.5339082,-82.0364134,42.53535703,-82.03491627,42.53265737,-82.03761593,FALSE,"GXM7+HC Thamesville, Chatham-Kent, ON",86JVGXM7+HC,,,https://www.dnb.com/business-directory/company-profiles.greenhouse_depot_inc.77821f8758d413c6a9ac24fff3144872.html
27,OPERATIONAL,"1634 Seacliff Dr, Kingsville, ON N9Y 2M6, Canada",https://maps.gstatic.com/mapfiles/place_api/icons/v1/png_71/generic_business-71.png,Greenhouse Style Corporation,"[{'height': 777, 'html_attributions': ['<a href=""https://maps.google.com/maps/contrib/103776871631234452617"">Greenhouse Grower Classifieds</a>'], 'photo_reference': 'ATtYBwIhPo1otoey7YdN5sZ5xAez9-ZxmfYAW1oWZEv7O1CgBG4LRuyDd_dlHGJTHVcpLbfthEehqecv3EP_6qKgveqEvNOXB06sc9W2sk-iadjc0EJ9Kvt_qFwd7Sfg6M9REwVtB9zsw7iDXQce0qpC0K2M_hYIZwcIBToIzRzYZ-IKtDp5', 'width': 1522}]",ChIJdbjxgkrCOogRxx-Z4Lo5DI8,5,ChIJdbjxgkrCOogRxx-Z4Lo5DI8,"['food', 'point_of_interest', 'establishment']",4,42.0404164,-82.6703979,42.04141588,-82.66906862,42.03871622,-82.67176828,FALSE,"28RH+5R Kingsville, Ontario",86JV28RH+5R,,,https://www.dnb.com/business-directory/company-profiles.greenhouse_style_corporation.d804695b730d926a0baf06068960ff4b.html
30,OPERATIONAL,"422 Caritas Ct, Windsor, ON N8N 4Y4, Canada",https://maps.gstatic.com/mapfiles/place_api/icons/v1/png_71/generic_business-71.png,Lakeview Greenhouses And Farm Ltd,,ChIJq6o63MbUOogRkB8iMWkrNKQ,0,ChIJq6o63MbUOogRkB8iMWkrNKQ,"['food', 'point_of_interest', 'establishment']",0,42.3142666,-82.8455933,42.31551863,-82.84425597,42.31281897,-82.84695563,TRUE,"8573+PQ Windsor, Ontario",86JV8573+PQ,,,https://www.dnb.com/business-directory/company-profiles.lakeview_greenhouses__farm_ltd.72e818d21b110ab07bea24d0679d9516.html
14,OPERATIONAL,"8381 Talbot Trl, Blenheim, ON N0P 1A0, Canada",https://maps.gstatic.com/mapfiles/place_api/icons/v1/png_71/generic_business-71.png,Lasalle Landscape,"[{'height': 960, 'html_attributions': ['<a href=""https://maps.google.com/maps/contrib/107903418961551553195"">Amrit Singh</a>'], 'photo_reference': 'ATtYBwI0zVikErYVdjMbH1ofLRDw1phhv46BahGOHE6RSV0kTE_DNdR5xQnXPyxzunQqU3_7xWwM4hfViHH2MXXrFdZkqttH_WpKlwRg2Aj-lnxKmV3fd2P8WWbvGlSLJHclbHTc51w6sorJg1JQlijHYNcRwZ93n0JqlnnNRZq5xXKh4PEm', 'width': 1280}]",ChIJGxqu18TjL4gR9SpX83AjXp8,3.7,ChIJGxqu18TjL4gR9SpX83AjXp8,"['point_of_interest', 'establishment']",3,42.2708392,-82.0381542,42.27203713,-82.03639857,42.26933747,-82.03909823,,"7XC6+8P Cedar Springs, Ontario",86JV7XC6+8P,,,https://www.dnb.com/business-directory/company-profiles.lasalle_landscape_supply_ltd.ffad9780886b2e6e06c7f3952d4c331b.html
53,OPERATIONAL,"8455 Broderick Rd, LaSalle, ON N9H 0H1, Canada",https://maps.gstatic.com/mapfiles/place_api/icons/v1/png_71/generic_business-71.png,Medisun Inc,"[{'height': 480, 'html_attributions': ['<a href=""https://maps.google.com/maps/contrib/103004973783569980050"">Lasalle Landscape Supply</a>'], 'photo_reference': 'ATtYBwLhlJDADdfjCbzcjgJcfCCPdeOLDNg1TO_SOL1vD2V-cHQRj_QckuYR3QfJXpRrcVbVV0tWsHWcBOfKfOZFqr0DHIjjsLyph6Gk8ziyoVVCFs1PSGeLJxWV9JasKm1d4ZkiIkJ6B2wTF01IoxpqHruCuDEBDzs8ZHkyAQCyCGR-JaEN', 'width': 640}]",ChIJq6qq6tYuO4gRXWLCKlIPcCg,3.3,ChIJq6qq6tYuO4gRXWLCKlIPcCg,"['general_contractor', 'point_of_interest', 'establishment']",4,42.198634,-83.016625,42.19984868,-83.01527297,42.19714902,-83.01797263,FALSE,"5XXM+F9 LaSalle, Ontario",86JR5XXM+F9,,,https://www.dnb.com/business-directory/company-profiles.medisun_inc.1fcecf84225ea1971e3ac5e98fc3a97e.html
12,OPERATIONAL,"6640 Rivard Line, Grande Pointe, ON N0P 1S0, Canada",https://maps.gstatic.com/mapfiles/place_api/icons/v1/png_71/generic_business-71.png,Nature Fresh Phase 6,"[{'height': 1200, 'html_attributions': ['<a href=""https://maps.google.com/maps/contrib/114424287166206217222"">A Google User</a>'], 'photo_reference': 'ATtYBwIzl-Fn4O1gOAtxFmWV1sXEiad54i6u_EHgIXdOREDK21YJJ_kVyc45Az3WmH_RV_sQE5Of9sN0hfBR-5QxSCkvRdMIlEG0HWxtL_GIH8-Vjw6EE_SSRPJsN7DsbvlfVLbO6nHq2n3v8kl-0BKximW1ZlvfMnWJcU7fluOkOOw-BngC', 'width': 1600}]",ChIJzfivm0pQJYgRaUFQxXA4TPQ,4.3,ChIJzfivm0pQJYgRaUFQxXA4TPQ,"['food', 'point_of_interest', 'establishment']",19,42.4160701,-82.3658676,42.41747583,-82.36458617,42.41477617,-82.36728583,TRUE,"CJ8M+CM Grande Pointe, Ontario",86JVCJ8M+CM,,,https://www.dnb.com/business-directory/company-profiles.nature_fresh_farms_inc.eea232e1c3353dcbc86a5a6dd3919ee3.html
37,OPERATIONAL,"525 Essex Road 14, Staples, ON N0P 2J0, Canada",https://maps.gstatic.com/mapfiles/place_api/icons/v1/png_71/generic_business-71.png,Oasis Greenhouses Ltd,"[{'height': 3492, 'html_attributions': ['<a href=""https://maps.google.com/maps/contrib/108498419683033895431"">A Google User</a>'], 'photo_reference': 'ATtYBwJ0_2URql1c01FeWC2U5kLqAXOaNzeGv17Jwps53x8D657tkAD1ggAQ83iOZz7lxcyxAOQXiEN4GMJpwjVJc5W2prBngGg7H7GL8PahblZJ8TM3Y3z7uqupSNpmvnLGIlKlCtN6IqdnQnDXYyli_yifTIk4UI7KZKRweKvMyjZuHubz', 'width': 4656}]",ChIJiZ-SHDvHOogRTiNm2Z8sO-g,3.7,ChIJiZ-SHDvHOogRTiNm2Z8sO-g,"['food', 'point_of_interest', 'establishment']",7,42.1351788,-82.6039955,42.13650188,-82.60264732,42.13380222,-82.60534698,,"49PW+3C Staples, Ontario",86JV49PW+3C,,,https://www.dnb.com/business-directory/company-profiles.oasis_greenhouses_limited.a023e956968e285c5ad473ef784ac984.html
4,OPERATIONAL,"24869 Winter Line Rd, Chatham, ON N7M 5J8, Canada",https://maps.gstatic.com/mapfiles/place_api/icons/v1/png_71/generic_business-71.png,Ontario Greenhouse Marketers Association,,ChIJK_F5Gt5QJYgR0yf4fSJDMao,3,ChIJK_F5Gt5QJYgR0yf4fSJDMao,"['point_of_interest', 'establishment']",1,42.4153417,-82.3225285,42.41670263,-82.32116202,42.41400297,-82.32386168,,"CM8G+4X Pain Court, Ontario",86JVCM8G+4X,,,https://www.dnb.com/business-directory/company-profiles.ontario_greenhouse_marketers.17419a5172437ce42eced22b0613253c.html
25,OPERATIONAL,"33 Princess St, Leamington, ON N8H 5C5, Canada",https://maps.gstatic.com/mapfiles/place_api/icons/v1/png_71/generic_business-71.png,Paradise Nursery & Garden Centre,,ChIJiRgYH-TAOogRzlWQY96lGG0,1,ChIJiRgYH-TAOogRzlWQY96lGG0,"['food', 'point_of_interest', 'establishment']",1,42.0518188,-82.5985641,42.05304708,-82.59711882,42.05034742,-82.59981848,FALSE,"3C22+PH Leamington, Ontario",86JV3C22+PH,,,https://www.dnb.com/business-directory/company-profiles.paradise_nursery__garden_centre_.c0dea2258578e1edbb3680c8dd04f1ed.html
56,OPERATIONAL,"4481 Alma St, Amherstburg, ON N9V 2Y9, Canada",https://maps.gstatic.com/mapfiles/place_api/icons/v1/png_71/shopping-71.png,Peppertree Greenhouses Ltd,"[{'height': 4160, 'html_attributions': ['<a href=""https://maps.google.com/maps/contrib/111868193921088218687"">Tony Fallone</a>'], 'photo_reference': 'ATtYBwJtgZJUopf0mhqYFm6Bj2sP5CaRiufuRdWXrhOHQNOSHTL55oahMnEErZjOHAB2sU1Y4Gp2-mUcZlb-7TM_6cEkJOtV1y5dy1Jq7CqTqpqadC75nwUxbcNrr_sRAdjfTpLBBVkhEMxy9IcQXnZdrQIRDYUmg_Wo6ZW-05pShHBRcbqf', 'width': 3120}]",ChIJsyvklKEkO4gR_3xbBTH5TT0,4.7,ChIJsyvklKEkO4gR_3xbBTH5TT0,"['point_of_interest', 'store', 'establishment']",28,42.1088712,-83.0574032,42.11039418,-83.05604502,42.10769452,-83.05874468,TRUE,"4W5V+G2 Amherstburg, Ontario",86JR4W5V+G2,,,https://www.dnb.com/business-directory/company-profiles.peppertree_greenhouses_ltd.5332b177a22eb5cd0c68b2f05041904a.html
13,OPERATIONAL,"29025 Connection Rd, Tupperville, ON N0P 2M0, Canada",https://maps.gstatic.com/mapfiles/place_api/icons/v1/png_71/generic_business-71.png,Platinum Produce,"[{'height': 4032, 'html_attributions': ['<a href=""https://maps.google.com/maps/contrib/113017510401157574347"">A Google User</a>'], 'photo_reference': 'ATtYBwKLOip7JVq2EMJap395ItWITcluM7Mah5DSBnndmQbvN2y3S3ujZAX9u8viCouYjSnpfw6B-KbmHQWVbg1mFK-4gaaaJjQRO0hJRrBHw9W3eqjod2eu_xMk7sGcIKKQYvt5GdXiPRCElg50dLKDHTfsOXRdL7aKYJIKMz274P6fSMrf', 'width': 1960}]",ChIJjxXIFS_1L4gRWnyrypWHvuo,4.8,ChIJjxXIFS_1L4gRWnyrypWHvuo,"['food', 'point_of_interest', 'establishment']",9,42.5767372,-82.2475535,42.57808678,-82.24619422,42.57538712,-82.24889388,,"HQG2+MX Tupperville, Chatham-Kent, ON",86JVHQG2+MX,,,https://www.dnb.com/business-directory/company-profiles.platinum_produce_company.2da36b888d8a65be2f906c250ed97a74.html
8,OPERATIONAL,"21037 Communication Rd, Blenheim, ON N0P 1A0, Canada",https://maps.gstatic.com/mapfiles/place_api/icons/v1/png_71/generic_business-71.png,Protolight Greenhouse,"[{'height': 4608, 'html_attributions': ['<a href=""https://maps.google.com/maps/contrib/114181304789163627498"">Aksh Patel</a>'], 'photo_reference': 'ATtYBwJ7o_DFvkMnIiFuEtqI75KcWeq1VLvOWhm4tDumccZu1mbqe3YKr_G6qKth9szxsmZZeQFlLhiSaN-8SCdRT0a28lAhGmMBwbasm1LCnSi_JgJCIK6GGUkg6HoDEmIAs9k3Zh2M7l9L0alF_FGvaGdKbGC9acMJXVBM3FP8UBwXTCON', 'width': 3456}]",ChIJMzLm4Wv7L4gR9W1WkBDgcyU,4.3,ChIJMzLm4Wv7L4gR9W1WkBDgcyU,"['food', 'point_of_interest', 'establishment']",14,42.3703121,-82.0585375,42.37133238,-82.05651682,42.36863272,-82.05921648,FALSE,"9WCR+4H Huffman Corners, Ontario",86JV9WCR+4H,,,https://www.dnb.com/business-directory/company-profiles.protolight_farms_inc.b0d2502edb885d724c8b0b90a30236a1.html
32,OPERATIONAL,"1002 Mersea Rd 7, Staples, ON N0P 2J0, Canada",https://maps.gstatic.com/mapfiles/place_api/icons/v1/png_71/generic_business-71.png,Provincial Nursery & Garden Centre,,ChIJte57d77HOogRlPTFiVA96T4,0,ChIJte57d77HOogRlPTFiVA96T4,"['food', 'point_of_interest', 'establishment']",0,42.1086397,-82.5730762,42.11027223,-82.57171102,42.10757257,-82.57441068,,"4C5G+FQ Staples, Ontario",86JV4C5G+FQ,,,https://www.dnb.com/business-directory/company-profiles.provincial_nursery__garden_centre.7306116dbcd881c0a0d0853f9f596235.html
45,OPERATIONAL,"2191 Provincial Rd, Windsor, ON N8W 5V7, Canada",https://maps.gstatic.com/mapfiles/place_api/icons/v1/png_71/shopping-71.png,Riverside Home Hardware,"[{'height': 2240, 'html_attributions': ['<a href=""https://maps.google.com/maps/contrib/115302469089434595242"">Susan Robson</a>'], 'photo_reference': 'ATtYBwKsKD38DJi7KT5nTq012DrLDfFkkZlz7G4tmYKXAocZfr9m_E6J8xUq2_j7wNkVztCAgtACkhEY96g8CVNVjsvNHnTX0xNLa4VGLPzW0R6xRjYFi1DYkbDFOprMgLq7bzhSDAwtdfsPsWSGnJAigJFnYENqrtbGPn1NdO7XLJjX_vYQ', 'width': 4608}]",ChIJG-FV8GQpO4gRTeGqMlp2EzE,4,ChIJG-FV8GQpO4gRTeGqMlp2EzE,"['point_of_interest', 'store', 'establishment']",131,42.2500524,-82.963919,42.25158963,-82.96238672,42.24888997,-82.96508638,TRUE,"722P+2C Windsor, Ontario",86JV722P+2C,,,
48,OPERATIONAL,"8165 Wyandotte St E, Windsor, ON N8S 1T4, Canada",https://maps.gstatic.com/mapfiles/place_api/icons/v1/png_71/shopping-71.png,Ross' Nurserymen,"[{'height': 3024, 'html_attributions': ['<a href=""https://maps.google.com/maps/contrib/111718212247274931583"">Ahmed Jaber</a>'], 'photo_reference': 'ATtYBwJMDJDTSKD09MMsIb2a13ay6IMWdRoNqp4tA6MsVpfznINQOyqhhryy8AfsHQccIGznzYyubK6xtdOomhIIFfqMSohRJFPeTcCQ0C4S2vRJ9Y_R-DFsAth5dTVDXcFWW8YzBD5SGobMlbqiK_NZqe-YXnEnr605aud37fThuhQZ4b7p', 'width': 4032}]",ChIJIbMGt9IqO4gR1ihBqK5ndmk,4.5,ChIJIbMGt9IqO4gR1ihBqK5ndmk,"['hardware_store', 'home_goods_store', 'point_of_interest', 'store', 'establishment']",139,42.3332354,-82.9404668,42.33471393,-82.93916767,42.33201427,-82.94186733,TRUE,"83M5+7R Windsor, Ontario",86JV83M5+7R,,,
11,OPERATIONAL,"335 Indian Creek Rd E, Chatham, ON N7M 5J6, Canada",https://maps.gstatic.com/mapfiles/place_api/icons/v1/png_71/shopping-71.png,Ruthven Greenhouse Construction,"[{'height': 1185, 'html_attributions': ['<a href=""https://maps.google.com/maps/contrib/109341386556915747193"">A Google User</a>'], 'photo_reference': 'ATtYBwJDQEdzo90GvSEFWmOz9eGM8i0f8Uk_w7CQMSvKGcujnGCoartdISf4TtfA4dGrNvp79Q9A5QQk4XD45KW0ZLVWdAHxCSafhQ1rY1NX7sI6rgavy_WRQQmyOBfVvp13FzfulTsG3RISRqrSoT4lqIRzE72zS_DNdTkgVOdHqLsPbyF6', 'width': 2250}]",ChIJWZt-7Qv5L4gRHPbtjwHgKPA,4.6,ChIJWZt-7Qv5L4gRHPbtjwHgKPA,"['general_contractor', 'point_of_interest', 'store', 'establishment']",22,42.3941588,-82.1557109,42.39560053,-82.15447467,42.39290087,-82.15717433,TRUE,"9RVV+MP Wilsonwood, Chatham-Kent, ON",86JV9RVV+MP,,,https://www.dnb.com/business-directory/company-profiles.ruthven_greenhouse_construction_ltd.c26b17b185bdd8ed7f5d243b2af95dd3.html
39,OPERATIONAL,"420 Essex Road 14, Leamington, ON N8H 3V8, Canada",https://maps.gstatic.com/mapfiles/place_api/icons/v1/png_71/generic_business-71.png,Sandhill Farms,"[{'height': 320, 'html_attributions': ['<a href=""https://maps.google.com/maps/contrib/103372131577761287944"">A Google User</a>'], 'photo_reference': 'ATtYBwIRKcQGbD5tARRdmfQKMt6IfLPOFZ6VRXy6i9NeCICuYULYpR2dW7IsvMe9NMlXNhfJyQTGExHuHI-6746FHmQfc2i0aH9h8CVgmJVv3cHBUPVGBHzIT7ZfW-Sc1kS3e074XUm8Y8NJR3Nk3NqBcDM3qG3QYgHYjpziqzyi0Nxz0C-k', 'width': 968}]",ChIJWdF3hUnGOogR_Vl-jo6v5d0,5,ChIJWdF3hUnGOogR_Vl-jo6v5d0,"['general_contractor', 'point_of_interest', 'establishment']",3,42.1354333,-82.6148818,42.13680888,-82.61353032,42.13410922,-82.61622998,FALSE,"49PP+52 Leamington, Ontario",86JV49PP+52,,,
29,OPERATIONAL,"318 County Rd 18, Staples, ON N0P 2J0, Canada",https://maps.gstatic.com/mapfiles/place_api/icons/v1/png_71/generic_business-71.png,Sorensen Greenhouses Inc,,ChIJqbL49DHBOogREt058XLDmfM,0,ChIJqbL49DHBOogREt058XLDmfM,"['food', 'point_of_interest', 'establishment']",0,42.0717972,-82.6242446,42.07369738,-82.62285967,42.07099772,-82.62555933,,"39CG+P8 Staples, Ontario",86JV39CG+P8,,,https://www.dnb.com/business-directory/company-profiles.sorensen_greenhouses_inc.8ed0da6e45a880ee767aa53672dbb62f.html
34,OPERATIONAL,"1397 Road 3 E, Ruthven, ON N0P 2G0, Canada",https://maps.gstatic.com/mapfiles/place_api/icons/v1/png_71/generic_business-71.png,Sun Parlour Grower Supply Ltd,,ChIJr0vui5_DOogR5jyeec7Q0i8,0,ChIJr0vui5_DOogR5jyeec7Q0i8,"['food', 'point_of_interest', 'establishment']",0,42.0599899,-82.6559677,42.06135148,-82.65502052,42.05865182,-82.65772018,FALSE,"385V+XJ Ruthven, Kingsville, ON",86JV385V+XJ,,,https://www.dnb.com/business-directory/company-profiles.sun_parlour_greenhouse_growers_co-operative_limited.944a959d4a357efc271bdda7ee66d730.html
36,OPERATIONAL,"230 County Rd 31, Leamington, ON N8H 4H5, Canada",https://maps.gstatic.com/mapfiles/place_api/icons/v1/png_71/shopping-71.png,Sunrite Greenhouses Ltd.,,ChIJxYfhnWPBOogRpPJnuknIdUc,4.5,ChIJxYfhnWPBOogRpPJnuknIdUc,"['point_of_interest', 'store', 'establishment']",36,42.0533941,-82.6422925,42.05477048,-82.64151905,42.05207082,-82.64461285,FALSE,"3935+93 Leamington, Ontario",86JV3935+93,,,https://www.dnb.com/business-directory/company-profiles.sunrite_greenhouses_ltd.d88140540dda51c4106910bfa06027e9.html
28,OPERATIONAL,"1414 Seacliff Dr, Kingsville, ON N9Y 2M2, Canada",https://maps.gstatic.com/mapfiles/place_api/icons/v1/png_71/generic_business-71.png,Tacq's Garden Market,"[{'height': 2048, 'html_attributions': ['<a href=""https://maps.google.com/maps/contrib/112135204137499064981"">A Google User</a>'], 'photo_reference': 'ATtYBwKuDiUQl9qXqb2jhdPxEA15no8s_H92QKdNoYQL6QNvLs70pI9SFsatm5mdMOssW9k50tf3ARl0tGb0UOQxYX0tfWYeztk_Wck5Je7qAX2ayaPED4omAardzd46F8GfbrzFLt_3FVXLb9_Jp2sZ0szx80gKlHy2SqZwEjhQikvj12Mh', 'width': 1152}]",ChIJqV6DPOXCOogRmWYFZY6O1Kw,3.1,ChIJqV6DPOXCOogRmWYFZY6O1Kw,"['food', 'point_of_interest', 'establishment']",7,42.039238,-82.67992,42.04057148,-82.67856377,42.03787182,-82.68126343,,"28QC+M2 Kingsville, Ontario",86JV28QC+M2,,,
18,OPERATIONAL,"26875 Centre Side Rd, Tupperville, ON N0P 2M0, Canada",https://maps.gstatic.com/mapfiles/place_api/icons/v1/png_71/shopping-71.png,The Bloomin' Gardener,"[{'height': 4032, 'html_attributions': ['<a href=""https://maps.google.com/maps/contrib/100716043249632822651"">Bonnie Racher</a>'], 'photo_reference': 'ATtYBwKa8ly6yakuSl0Y4FZKfQivdo0y23QjK_GQmnr1yzsPHXbM5XxKQydmhdQiHltIbZjWm6ilSwsy5TkTjqLozbiFfSQi8oKK8nPAJ52K-lc-al6pUuraMrQFxWV4FhD3ZcVKzg6AwB_n1hY8qQpr7-zcsKtfok4Hr-R6pSICGIMmzfhV', 'width': 3024}]",ChIJQ81sLjheJYgR3SRKdIuld9c,4.7,ChIJQ81sLjheJYgR3SRKdIuld9c,"['food', 'point_of_interest', 'store', 'establishment']",9,42.5744892,-82.2712955,42.57570803,-82.27013867,42.57300837,-82.27283833,,"HPFH+QF Tupperville, Chatham-Kent, ON",86JVHPFH+QF,,,https://www.dnb.com/business-directory/company-profiles.bloomin_gardener_inc_the.569f03524582cb893f60a86c5bc88f5b.html
49,CLOSED_TEMPORARILY,"6673 Concession 8, Oldcastle, ON N0R 1L0, Canada",https://maps.gstatic.com/mapfiles/place_api/icons/v1/png_71/generic_business-71.png,The Home Depot,"[{'height': 2988, 'html_attributions': ['<a href=""https://maps.google.com/maps/contrib/110570634172590568675"">Ashley West</a>'], 'photo_reference': 'ATtYBwJaB_sXmVZcPdpTnazSyjeOJoicP3B22Weg4qai2owGxoMzm0d8xwSqsiISVO3N7ZOsCvIj6ENSd5oKSRHgjQ2CoQDu__sgdNUzcAF5sp6FXPWWN77YyxC8YGtpiQ8B0jYfuxuTg3v4I49k3EMBsV3ARRZRmTFaw_uzJDCpcqNzjIK2', 'width': 5312}]",ChIJsxDVLg4pO4gRNEsA5rpc2zQ,4.5,ChIJsxDVLg4pO4gRNEsA5rpc2zQ,"['point_of_interest', 'store', 'establishment']",34,42.1981855,-82.9505886,42.19950528,-82.94818305,42.19680562,-82.95139045,,"52XX+7Q Tecumseh, Ontario",86JV52XX+7Q,TRUE,,
50,OPERATIONAL,"6630 Tecumseh Rd E, Windsor, ON N8T 1E6, Canada",https://maps.gstatic.com/mapfiles/place_api/icons/v1/png_71/shopping-71.png,The Leamington Grower Greenhouse Vegetable News,"[{'height': 4032, 'html_attributions': ['<a href=""https://maps.google.com/maps/contrib/103692035656920895266"">G Mashi</a>'], 'photo_reference': 'ATtYBwKFEbyhQ7Vw5eR6b5GRjV_sQLHipj1fPw6VA04fToa0X_-ZDm22FG1Q0T1pXExV-SC4FMCvyQZ1K4D7_Qnc_auMeGnM5ZYAxtKra_I3d03qlirSrVInx8SR-aOgWjxA661ep5zAJUXfe9p6QwXECNLeXDzATbZAvst7TSFFQRbPO_9C', 'width': 3024}]",ChIJNcQvK-EqO4gRCbbe4WrEVtQ,4.1,ChIJNcQvK-EqO4gRCbbe4WrEVtQ,"['hardware_store', 'furniture_store', 'home_goods_store', 'point_of_interest', 'store', 'establishment']",1050,42.3133959,-82.9475931,42.31458623,-82.94614632,42.31188657,-82.94884598,TRUE,"8372+9X Windsor, Ontario",86JV8372+9X,,1,
22,OPERATIONAL,"1634 Seacliff Dr, Kingsville, ON N9Y 2M6, Canada",https://maps.gstatic.com/mapfiles/place_api/icons/v1/png_71/generic_business-71.png,Truly Green Farms,"[{'height': 1536, 'html_attributions': ['<a href=""https://maps.google.com/maps/contrib/115824935729597055204"">The Leamington Grower</a>'], 'photo_reference': 'ATtYBwIlHChU4FZFemXKGwIVBeDlxTdVfnvd1Sq9tDvFg5iiB2MDiNa0KB9v0AlZ4TnmYfFF-EK7-JY4Jg2B50QIEEe1hSUcifFJIqiVFLLyvqI6GKyCArORuwUEgQxvy6LxWeXpJo6nUS-fRdQx_Ez-aitnrDgF_hgkaKU9TSxVvIRwjBz5', 'width': 2048}]",ChIJGVUQmUrCOogRgdld2xV5Ylo,3,ChIJGVUQmUrCOogRgdld2xV5Ylo,"['food', 'point_of_interest', 'establishment']",2,42.0404164,-82.6703979,42.04141588,-82.66906842,42.03871622,-82.67176808,FALSE,"28RH+5R Kingsville, Ontario",86JV28RH+5R,,,https://www.dnb.com/business-directory/company-profiles.2333281_ontario_ltd.835e57f08168ace6fd1b87cf52aea3dd.html
1,OPERATIONAL,"162 Bloomfield Rd, Chatham, ON N7M 0R4, Canada",https://maps.gstatic.com/mapfiles/place_api/icons/v1/png_71/generic_business-71.png,Urban Greenhouse Hydroponics,"[{'height': 4032, 'html_attributions': ['<a href=""https://maps.google.com/maps/contrib/102624635510828202859"">A Google User</a>'], 'photo_reference': 'ATtYBwLd50tOyBzISm7u_pU0OwlDnPYOkVYR4rgVAbMAknh_ABm_hMwwNLnWD4-PwC1vr93wq5GY4gWKwhcK2W-okg3W-7-v-pmFYHTjCakhARNaxuas8WSZFD6zcwYwOY8RDbito-uMZmRaYtHLyatrvpzQPEJmNoMTh_Ynmlbg0_pS2gZb', 'width': 3024}]",ChIJAQAAAAAAlYAR6PlswoheIe0,4.8,ChIJAQAAAAAAlYAR6PlswoheIe0,"['food', 'point_of_interest', 'establishment']",10,42.3848626,-82.2299945,42.3885178,-82.2291258,42.3836442,-82.2326006,TRUE,"9QMC+W2 Pain Court, Ontario",86JV9QMC+W2,,,https://www.dnb.com/business-directory/company-profiles.the_urban_greenhouse_hydroponics_and_aquaculture_l.a4acfb1fa9575be665bb01b1938d0cf4.html
40,OPERATIONAL,"7635 Tecumseh Rd E, Windsor, ON N8T 3H1, Canada",https://maps.gstatic.com/mapfiles/place_api/icons/v1/png_71/shopping-71.png,Vine Fresh Acres Ltd.,"[{'height': 3456, 'html_attributions': ['<a href=""https://maps.google.com/maps/contrib/100506373799778136549"">jhgannon1</a>'], 'photo_reference': 'ATtYBwIK-fWn5uhxNQ2Xtduf5bPtjWPCMMhLRwswRirpHHVgi4gD_rvlyxudoTE_IyW9L8YfrcSlBA2cTH1gqabUpULrHuHunm9K9j1VO1XP1bTceUOYxuIbomlhR16_LR8XeSeHSSuRcH3dEqB4qwZeMDEoRF4VdtKPmZhz5RAk7fdQrDJW', 'width': 4608}]",ChIJsYVx5-kqO4gRIk-STOv1KfQ,4.8,ChIJsYVx5-kqO4gRIk-STOv1KfQ,"['general_contractor', 'point_of_interest', 'store', 'establishment']",70,42.3123207,-82.9349156,42.31353113,-82.93345747,42.31083147,-82.93615713,TRUE,"8368+W2 Windsor, Ontario",86JV8368+W2,,,https://www.dnb.com/business-directory/company-profiles.vine_fresh_acres_ltd.203704c1c02517adecb1d1d2b4a88c8f.html
23,OPERATIONAL,"420 Essex Road 14, Leamington, ON N8H 3V8, Canada",https://maps.gstatic.com/mapfiles/place_api/icons/v1/png_71/generic_business-71.png,WindsorEssex Economic Development Corporation,"[{'height': 960, 'html_attributions': ['<a href=""https://maps.google.com/maps/contrib/101460784953982250680"">A Google User</a>'], 'photo_reference': 'ATtYBwKM5gywgp2aSKVqT_APHKeRW0eom3W8gkWG_YQrQhv80D3cWE1sDBk9PXQCpLFQsS6qSrwYZoVtAVsqjHSfoACaXWfjAjyFQYRnz2ogvWfHAOSq-xCMbPeyr24JT9LXGzXpxHxSz40KDQGGMwPOJ6_L-2DsX8BVStb61GFecGFsplNH', 'width': 720}]",ChIJvRkkNUjGOogRC1F6kHPyP_Y,3.6,ChIJvRkkNUjGOogRC1F6kHPyP_Y,"['food', 'point_of_interest', 'establishment']",9,42.1345533,-82.6110589,42.13630558,-82.60968407,42.13360592,-82.61238373,FALSE,"49MQ+RH Leamington, Ontario",86JV49MQ+RH,,,https://www.dnb.com/business-directory/top-results.html?term=WindsorEssex%20Economic%20Development%20Corporation&page=1
58,OPERATIONAL,"119 Chatham St W Unit 100, Windsor, ON N9A 5M7, Canada",https://maps.gstatic.com/mapfiles/place_api/icons/v1/png_71/generic_business-71.png,windsoriteDOTca News,"[{'height': 4000, 'html_attributions': ['<a href=""https://maps.google.com/maps/contrib/115286318872050976662"">A Google User</a>'], 'photo_reference': 'ATtYBwIgAwQerGGCp7MVKCTpZ0Wr-VWhtbY8ExTXOSgkB26WqCN2ah-elRSXUesDsteX4LdokxIMhq0r7r_RtM_n7iU-BzFspqLByNSL1EpLEtyJo33t2hOdDoGlpn0BzauqG-In7a8BWzbnc3wZ00CBS8oQI9iF9LxgFX8QMT3dZie0ejGL', 'width': 6000}]",ChIJyXZf4hgtO4gRSyXcXrCKZeI,4,ChIJyXZf4hgtO4gRSyXcXrCKZeI,"['point_of_interest', 'establishment']",9,42.3178832,-83.0405436,42.31927178,-83.03920932,42.31657212,-83.04190898,FALSE,"8X95+5Q Windsor, Ontario",86JR8X95+5Q,,,https://www.dnb.com/business-directory/company-profiles.windsoritedotca_news.7ed65f1cb799abad6f844737b43e85c7.html
51,OPERATIONAL,"4900 Wyandotte St E Suite 201B, Windsor, ON N8Y 1H7, Canada",https://maps.gstatic.com/mapfiles/place_api/icons/v1/png_71/generic_business-71.png,Workforce WindsorEssex,"[{'height': 1424, 'html_attributions': ['<a href=""https://maps.google.com/maps/contrib/104410375289873816444"">windsoriteDOTca News</a>'], 'photo_reference': 'ATtYBwLtRsY8iBkVUH3Y47mLiCiWFfvlS50oUuinWZDJUDUAMNODaUfRA2CHSoc4SvyhNXfQ38GnTDFSgPu9Td-avKzGPt_tqUqgSMdRAAUM4j9W1Iw04OzpNbqgG5gI599RpCO3Vk3BE2xXSUur3-MhZoglhyNRADz-cKu39qbsxPtEmIOp', 'width': 2048}]",ChIJ27Qwb78sO4gRvR9pi42_3lA,4.3,ChIJ27Qwb78sO4gRvR9pi42_3lA,"['point_of_interest', 'establishment']",6,42.3270064,-82.9784229,42.32822203,-82.97707052,42.32552237,-82.97977018,,"82GC+RJ Windsor, Ontario",86JV82GC+RJ,,,
52,OPERATIONAL,"880 N Service Rd Unit 201, Windsor, ON N8X 3J5, Canada",https://maps.gstatic.com/mapfiles/place_api/icons/v1/png_71/generic_business-71.png,Wridgeview Greenhouses Ltd,"[{'height': 3024, 'html_attributions': ['<a href=""https://maps.google.com/maps/contrib/115479366235634732829"">Workforce WindsorEssex</a>'], 'photo_reference': 'ATtYBwJckxHb0NMvE9vBhmnRxPgbdnu4qyPxnvId5Uu4RMm1mEu9iyg4TF5kNByUDVIpuXI7jZcyU_WnKfmIlSvsKAj1skIGDHEXChpbRyMDQ-urG-kawBQFSm7nreOn21QJGgd5BV-iVP5K8MRTYo_LG0Xl5RxauqoXomBb2mEZj9_YjWMK', 'width': 4032}]",ChIJdXJWux8tO4gRvYijL99ozCo,4.8,ChIJdXJWux8tO4gRvYijL99ozCo,"['point_of_interest', 'establishment']",5,42.2815589,-83.0015106,42.28227773,-82.99981707,42.27957807,-83.00251673,,"7XJX+J9 Windsor, Ontario",86JR7XJX+J9,,,https://www.dnb.com/business-directory/company-profiles.wridgeview_greenhouses_ltd.21cdcfe5d4a2f9e8a71fc246b51f5a0d.html